Signal Date,Signal Time (ET),Ticker,Category,Call/Put,Bullish/Bearish,Strike,Expiry,Premium,Confidence,Conviction Score,Algo Version,Signal Quality,Biddie Pick,Price at Signal,Entry Trigger,Entry Price,Target,Target Near,Invalidation,Gamma Zone,Gamma Description,Reason,Suggested Trade,Trade Status,Outcome,MFE %,Max Favorable Price,Entry Price Reached,Invalidation Breached,Review Status,Review Note,Reviewed At (ET)
2026-03-26,14:19:44,GLD,algorithm,put,bearish,403.00,"April 8, 2026",489240.00,6.00,60,v2,,f,402.36,Below $403,403,$394.94,,Above $411.06,,,$489K premium sweep at $403 puts with 62% ask aggression.,,miss,missed,37.33,399.59,t,t,correct,,2026-03-30 01:30
2026-03-27,09:56:27,TSM,algorithm,call,bullish,332.50,"April 2, 2026",473208.00,7.00,70,v2,,f,322.95,On bounce from VWAP ($325.77) — Near $322.95,325.77,$332.50,$339.15,Below $316.49,,,$473K premium flow at $332.5 calls with 100% ask aggression. Price at $325.95 above VWAP ($325.77).,,hit,hit,76.26,333.79,t,t,correct,,2026-03-30 01:00
2026-03-27,10:32:57,CRCL,algorithm,call,bullish,97.00,"April 2, 2026",454658.00,6.00,60,v2,,f,93.70,On bounce from VWAP ($94.80) — Near $93.70,94.8093,$97.00,$98.94,Below $91.83,,,$455K premium flow at $97 calls with 100% ask aggression. Price at $93.29 below VWAP ($94.80).,,hit,hit,202.73,100.39,t,t,wrong,Invalidation OF 91.83 should be entry price and Target is the Entry Price of 93.70,2026-03-30 00:50
2026-03-27,10:36:44,GAP,algorithm,put,bearish,26.00,"April 17, 2026",455853.00,7.00,70,v2,,f,24.91,At VWAP ($25.00) — Near $24.91,25.0024,$24.41,$23.66,Above $25.41,,,$456K premium flow at $26 puts with 100% ask aggression. Price at $24.96 below VWAP ($25.00). Price action confirmed: SR Tag + Red Rejection at $24.93 (lower high — likely reversal).,,hit,hit,144.00,24.19,t,t,correct,FIXED IF PUT. price already at 24. Target is above entry. (Target should be 24.)  - overall direction of the move was right (down) ,2026-03-30 01:23
2026-03-27,10:37:31,TSM,whale,call,bullish,340.00,"April 17, 2026",2162339.00,7.00,70,v2,,f,322.64,Near $322.64 (no VWAP data),322.64,$329.09,$338.77,Below $316.19,,,$2.2M premium flow at $340 calls with 100% ask aggression.,,hit,hit,172.87,333.79,t,t,correct,,2026-03-30 01:01
2026-03-27,10:52:56,TSLA,algorithm,put,bearish,355.00,"April 10, 2026",588770.00,6.00,60,v2,,f,365.38,Near $365.38 (no VWAP data),365.38,$358.07,$347.11,Above $372.69,,,$589K premium flow at $355 puts with 100% ask aggression.,,hit,hit,105.47,357.67,t,t,correct,,2026-03-30 00:45
2026-03-27,11:44:01,AMD,algorithm,call,bullish,220.00,"May 1, 2026",633146.00,6.00,60,v2,,f,200.96,At VWAP ($200.08) — Near $200.96,200.082,$220.00,$224.40,Below $196.94,,,$633K premium flow at $220 calls with 100% ask aggression. Price at $201.57 above VWAP ($200.08).,,miss,missed,39.23,208.43,t,t,correct,"Entry is great, Invalidation is Great, Target is a little far fetched but... next key level would be like 203.08",2026-03-29 23:52
2026-03-27,12:46:50,QQQ,algorithm,call,bullish,567.00,"March 30, 2026",875107.00,7.00,70,v2,,f,567.29,At VWAP ($568.04) — Near $567.29,568.04,$578.64,$595.65,Below $555.94,,,$875K premium sweep at $567 calls with 53% ask aggression. Price at $566.38 below VWAP ($568.04). Negative gamma zone — moves will be amplified. Price action confirmed: Support Tag + Green Bounce at $566.08 (higher low — likely reversal).,,hit,hit,2164.52,579.80,t,t,wrong,,2026-03-29 23:23
2026-03-27,13:08:06,UAL,algorithm,put,bearish,85.00,"April 17, 2026",639222.00,6.00,60,v2,,f,90.15,Near $90.15 (no VWAP data),90.15,$88.35,$85.64,Above $91.95,,,$639K premium flow at $85 puts with 100% ask aggression.,,hit,hit,142.78,87.58,t,t,correct,"FIXED Same issue. Price is at 90.15. Entry is incorrect, it should be around now as its at a major key level. Target is correct, invalidation should be like 90.78 (not under the entry) ",2026-03-30 01:21
2026-03-27,13:20:10,HL,algorithm,call,bullish,18.00,"April 24, 2026",519350.00,6.00,60,v2,,f,17.88,Near $17.88 (no VWAP data),18,$18.24,$18.77,Below $17.52,,,$519K premium flow at $18 calls with 100% ask aggression.,,hit,hit,73.53,18.27,t,t,correct,"FIXED. Same issue. Price is at 17.88. Entry should be at VWAP, 17.74 Target is correct. Invalidation is correct. ",2026-03-30 01:20
2026-03-27,13:29:40,IWM,algorithm,put,bearish,241.00,"April 6, 2026",570506.00,10.00,100,v2,,t,243.78,Near $243.78 (no VWAP data),243.78,$238.90,$231.59,Above $248.66,,,$571K premium flow at $241 puts with 97% ask aggression.,,hit,hit,104.30,238.69,t,t,correct,"Same issue. Price is at 243.78. Entry is below price at 241.  (SHOULD BE NOW) Invalidation is above price at 245, Should be around 243-244. ",2026-03-30 01:19
2026-03-27,13:29:44,AAPL,whale,call,bullish,262.50,"April 17, 2026",1194996.00,8.00,80,v2,,t,250.41,On bounce from VWAP ($253.39) — Near $250.41,253.3925,$262.50,$267.75,Below $245.40,,,$1.2M premium sweep at $262.5 calls with 100% ask aggression. Price at $251.95 below VWAP ($253.39).,,miss,missed,47.73,256.18,t,t,wrong,How is this a HIT? Price was at 251 and price is not 247 and its a call? ,2026-03-30 01:07
2026-03-27,14:45:13,IWM,whale,put,bearish,240.00,"March 31, 2026",1557206.00,7.00,70,v2,,f,243.72,At VWAP ($244.93) — Near $243.72,244.93243,$240.00,$235.20,Above $248.59,,,$1.6M premium sweep at $240 puts with 89% ask aggression. Price at $243.97 below VWAP ($244.93). Negative gamma zone — moves will be amplified.,,hit,hit,101.88,239.93,t,f,correct,,2026-03-30 01:04
2026-03-27,14:45:14,BMNR,algorithm,put,bearish,16.00,"May 1, 2026",421100.00,6.00,60,v2,,f,18.48,Near $18.48 (no VWAP data),18.48,$18.11,$17.56,Above $18.85,,,$421K premium flow at $16 puts with 100% ask aggression.,,partial_hit,partial_hit,54.05,18.28,t,t,correct,"Price is at $18.48, Entry is incorrect. Invalidation is Incorrect. Target is correct. Entry should be at time of price and invalidation should be above vwap at 18.59",2026-03-30 01:15
2026-03-27,15:09:53,SPY,algorithm,put,bearish,604.00,"April 17, 2026",669000.00,8.00,80,v2,,t,634.72,Below VWAP ($638.83) — Near $634.72,638.83634,$604.00,$591.92,Above $647.41,,,$669K premium sweep at $604 puts with 100% ask aggression. Price at $634.67 below VWAP ($638.83).,,miss,missed,17.71,629.28,t,t,correct,,2026-03-30 00:17
2026-03-27,15:15:56,SPY,algorithm,put,bearish,600.00,"April 17, 2026",309651.00,7.00,70,v2,,f,635.41,Below VWAP ($638.75) — Near $635.41,638.75635,$600.00,$588.00,Above $648.12,,,$310K premium flow at $600 puts with 100% ask aggression. Price at $635.08 below VWAP ($638.75).,,miss,missed,17.31,629.28,t,t,correct,,2026-03-30 01:33
2026-03-27,19:10:47,SPY,algorithm,put,bearish,677.00,"April 3, 2026",649428.00,6.00,60,v2,,f,632.71,Below VWAP ($637.37) — Near $632.71,637.37632,$620.06,$601.07,Above $645.36,,,$649K premium flow at $677 puts with 52% ask aggression. Price at $632.80 below VWAP ($637.37).,,miss,missed,27.11,629.28,t,t,wrong,,2026-03-30 00:12
2026-03-30,10:03:14,TSM,algorithm,call,bullish,320.00,"April 2, 2026",598141.00,6.00,60,v2,moderate,f,319.37,On bounce from VWAP ($323.69) — Near $319.37,323.69319,Strike at $320.00,VWAP at $323.69,Below $312.98,,,"$598K call flow at $320 strike with 99% ask aggression. Price at $319.37 below VWAP ($323.69). Negative gamma zone — moves will be amplified. Price action confirmed: Support Bounce + 2 Green Bars at $318.95 (higher low, higher high — confirmed).",,hit,hit,466.67,322.31,f,f,wrong,Got out. @ 3:16. Will check to see if entry is actually invalidation level of 3.12,2026-03-30 10:45
2026-03-30,10:29:06,META,algorithm,call,bullish,540.00,"April 2, 2026",863718.00,6.00,60,v2,moderate,f,531.86,At VWAP ($532.75) — Near $531.86,532.75531,VWAP at $532.75,R1 at $539.46,Below Pivot at $529.86,,,$864K call flow at $540 strike with 100% ask aggression. Price at $531.86 below VWAP ($532.75). Negative gamma zone — moves will be amplified.,,hit,hit,185.39,533.51,t,f,correct,Banger! ,2026-03-30 23:05
2026-03-30,10:36:39,TSLA,algorithm,put,bearish,362.50,"April 3, 2026",415830.00,8.00,80,v2,strong,t,362.03,Below VWAP ($363.96) — Near $362.03,363.96362,PDL at $359.47,S1 at $357.58,Above Pivot at $363.72,,,"$416K put flow at $362.5 strike with 100% ask aggression. Price at $362.03 below VWAP ($363.96). Negative gamma zone — moves will be amplified. Price action confirmed: SR Tag + 2 Red Bars at $363.72 (lower high, lower low — confirmed).",,hit,hit,144.14,358.34,t,t,correct,,2026-03-30 23:09
2026-03-30,10:40:39,ASML,algorithm,put,bearish,1265.00,"April 3, 2026",347200.00,6.00,60,v2,moderate,f,1264.28,Near $1264.28 (no VWAP data),1264.28,$1238.99,$1213.71,Above $1289.57,,,$347K put flow at $1265 strike with 100% ask aggression. Price at $1264.28.,,miss,missed,83.71,1243.11,t,t,correct,,2026-03-30 23:10
2026-03-30,10:44:32,QQQ,algorithm,put,bearish,563.00,"April 3, 2026",584612.00,8.00,80,v2,strong,t,561.80,At VWAP ($564.33) — Near $561.80,564.33561,PDL at $561.57,S1 at $559.10,Above Pivot at $565.06,,,"$585K put flow at $563 strike with 100% ask aggression. Price at $561.80 below VWAP ($564.33). Negative gamma zone — moves will be amplified. Price action confirmed: SR Tag + 2 Red Bars at $563 (lower high, lower low — confirmed).",,hit,hit,100.00,561.57,t,f,correct,,2026-03-30 23:11
2026-03-30,10:44:33,COIN,algorithm,call,bullish,160.00,"April 2, 2026",462063.00,6.00,60,v2,moderate,f,160.27,On bounce from VWAP ($162.85) — Near $160.27,162.8516,VWAP at $162.85,Pivot at $163.24,Below PDL at $159.83,,,"$462K call flow at $160 strike with 100% ask aggression. Price at $160.27 below VWAP ($162.85). Negative gamma zone — moves will be amplified. Price action confirmed: Support Bounce + 2 Green Bars at $159.83 (higher low, higher high — confirmed).",,hit,hit,140.31,163.89,t,f,correct,,2026-03-30 23:14
2026-03-30,10:44:33,BKNG,algorithm,put,bearish,4200.00,"April 3, 2026",578180.00,6.00,60,v2,moderate,f,4108.87,At VWAP ($4094.56) — Near $4108.87,4094.564108,Pivot at $4099.04,VWAP at $4094.56,Above R1 at $4167.79,,,$578K put flow at $4200 strike with 100% ask aggression. Price at $4108.87 above VWAP ($4094.56).,,hit,hit,131.33,4095.96,f,f,correct,,2026-03-30 23:16
2026-03-30,10:47:57,SMCI,algorithm,call,bullish,21.50,"April 2, 2026",677810.00,6.00,60,v2,moderate,f,21.38,On bounce from VWAP ($21.74) — Near $21.38,21.7421,Strike at $21.50,VWAP at $21.74,Below $20.95,,,"$678K call flow at $21.5 strike with 100% ask aggression. Price at $21.38 below VWAP ($21.74). Negative gamma zone — moves will be amplified. Price action confirmed: Support Bounce + 2 Green Bars at $21.44 (higher low, higher high — confirmed).",,hit,hit,166.67,21.58,f,f,correct,,2026-03-30 23:19
2026-03-30,10:51:01,XOM,algorithm,put,bearish,175.00,"April 2, 2026",916004.00,6.00,60,v2,moderate,f,173.22,Below VWAP ($174.38) — Near $173.22,174.38173,Pivot at $169.01,S1 at $166.79,Above $176.68,,,"$916K put flow at $175 strike with 100% ask aggression. Price at $173.22 below VWAP ($174.38). Negative gamma zone — moves will be amplified. Price action confirmed: SR Tag + 2 Red Bars at $173.22 (lower high, lower low — confirmed).",,hit,hit,133.49,167.60,t,f,correct,,2026-03-30 23:22
2026-03-30,11:10:14,PLTR,algorithm,call,bullish,141.00,"April 2, 2026",687499.00,7.00,70,v2,moderate,f,142.34,At VWAP ($141.96) — Near $142.34,141.96142,Pivot at $143.53,R1 at $145.50,Below PDL at $141.56,,,$687K call flow at $141 strike with 100% ask aggression. Price at $142.34 above VWAP ($141.96). Negative gamma zone — moves will be amplified.,,miss,missed,32.77,142.73,t,t,wrong,,2026-03-30 23:26
2026-03-30,11:10:14,QQQ,algorithm,put,bearish,565.00,"April 2, 2026",573447.00,7.00,70,v2,moderate,f,563.40,At VWAP ($564.14) — Near $563.40,564.14563,PDL at $561.57,S1 at $559.10,Above Pivot at $565.06,,,"$573K put flow at $565 strike with 100% ask aggression. Price at $563.40 below VWAP ($564.14). Negative gamma zone — moves will be amplified. Price action confirmed: SR Tag + 2 Red Bars at $565.06 (lower high, lower low — confirmed).",,hit,hit,104.37,561.49,t,t,correct,,2026-03-30 23:28
2026-03-30,11:14:22,NVDA,algorithm,call,bullish,170.00,"April 1, 2026",767260.00,6.00,60,v2,moderate,f,168.17,At VWAP ($167.57) — Near $168.17,167.57168,Pivot at $168.50,R1 at $169.99,Below PDL at $167.01,,,$767K call flow at $170 strike with 100% ask aggression. Price at $168.17 above VWAP ($167.57). Negative gamma zone — moves will be amplified.,,miss,missed,-45.45,168.02,t,t,wrong,,2026-03-30 23:30
2026-03-30,11:14:23,CAVA,algorithm,put,bearish,74.00,"April 2, 2026",811824.00,6.00,60,v2,moderate,f,77.96,Whale sweep at $77.96,77.96,VWAP at $76.99,Pivot at $75.36,Above PDH at $78.02,,,$812K put sweep at $74 strike with 90% ask aggression. Price at $77.96 above VWAP ($76.99).,,hit,hit,102.06,76.97,t,t,correct,,2026-03-30 23:34
2026-03-30,11:14:23,IREN,algorithm,put,bearish,33.50,"April 2, 2026",431982.00,6.00,60,v2,moderate,f,33.59,Near $33.59 (no VWAP data),33.59,Strike at $33.50,$32.83,Above $34.26,,,$432K put flow at $33.5 strike with 100% ask aggression. Price at $33.59.,,hit,hit,377.78,33.25,t,f,correct,,2026-03-30 23:35
2026-03-30,11:18:44,OKLO,algorithm,put,bearish,47.00,"April 2, 2026",596173.00,10.00,100,v2,,f,48.77,Below VWAP ($49.64) — Near $48.77,49.6448,Strike at $47.00,$46.06,Above Pivot at $51.01,,,"$596K put flow at $47 strike with 100% ask aggression. Price at $48.77 below VWAP ($49.64). Price action confirmed: SR Tag + 2 Red Bars at $48.52 (lower high, lower low — confirmed).",,hit,hit,105.08,46.91,t,f,correct,,2026-03-30 23:39
2026-03-30,11:18:44,GOOGL,algorithm,call,bullish,275.00,"April 2, 2026",563621.00,10.00,100,v2,,f,274.48,Near $274.48 (no VWAP data),274.48,Strike at $275.00,$280.50,Below $268.99,,,$564K call flow at $275 strike with 100% ask aggression. Price at $274.48.,,hit,hit,119.23,275.10,t,f,correct,,2026-03-30 23:41
2026-03-30,11:18:44,RKLB,algorithm,put,bearish,60.00,"April 2, 2026",877795.00,9.00,90,v2,,f,59.42,At VWAP ($59.43) — Near $59.42,59.4359,$58.23,$57.04,Above Pivot at $62.46,,,$878K put flow at $60 strike with 94% ask aggression. Price at $59.42 below VWAP ($59.43). Negative gamma zone — moves will be amplified.,,hit,hit,131.93,57.85,t,f,correct,,2026-03-30 23:42
2026-03-30,11:18:45,WULF,algorithm,call,bullish,14.00,"April 2, 2026",596896.00,9.00,90,v2,,f,14.12,On bounce from VWAP ($14.32) — Near $14.12,14.3214,VWAP at $14.32,Pivot at $14.95,Below $13.84,,,$597K call flow at $14 strike with 100% ask aggression. Price at $14.12 below VWAP ($14.32). Negative gamma zone — moves will be amplified.,,miss,missed,70.00,14.26,f,t,wrong,,2026-03-30 23:44
2026-03-30,11:23:14,GLD,algorithm,call,bullish,417.00,"April 2, 2026",576985.00,6.00,60,v2,moderate,f,416.35,At VWAP ($417.07) — Near $416.35,417.07416,Strike at $417.00,VWAP at $417.07,Below Pivot at $412.84,,,$577K call flow at $417 strike with 100% ask aggression. Price at $416.35 below VWAP ($417.07). Negative gamma zone — moves will be amplified.,,hit,hit,276.92,418.15,t,f,correct,,2026-03-30 23:53
2026-03-30,11:23:37,PLTR,algorithm,put,bearish,135.00,"April 2, 2026",829240.00,8.00,80,v2,strong,t,141.26,At VWAP ($141.94) — Near $141.26,141.94141,$138.43,$135.61,Above Pivot at $143.53,,,"$829K put flow at $135 strike with 100% ask aggression. Price at $141.26 below VWAP ($141.94). Price action confirmed: SR Tag + 2 Red Bars at $141.56 (lower high, lower low — confirmed).",,hit,hit,101.06,138.40,t,f,correct,,2026-03-30 23:56
2026-03-30,11:26:47,KMI,algorithm,call,bullish,34.50,"April 2, 2026",396525.00,9.00,90,v2,,f,34.21,Near $34.21 (no VWAP data),34.21,Strike at $34.50,$35.19,Below $33.53,,,$397K call flow at $34.5 strike with 85% ask aggression. Price at $34.21.,,miss,missed,-10.34,34.18,f,t,wrong,,2026-03-30 23:58
2026-03-30,11:26:47,CVNA,algorithm,put,bearish,290.00,"April 2, 2026",383320.00,8.00,80,v2,,f,277.74,Near $277.74 (no VWAP data),277.74,$272.19,$266.63,Above $283.29,,,$383K put flow at $290 strike with 100% ask aggression. Price at $277.74.,,miss,missed,-10.09,278.30,f,t,wrong,,2026-03-30 23:58
2026-03-30,11:30:24,SPY,algorithm,call,bullish,636.00,"April 2, 2026",810000.00,10.00,100,v2,,f,636.42,At VWAP ($636.79) — Near $636.42,636.79636,Pivot at $636.62,VWAP at $636.79,Below PDL at $633.11,,,"$810K call flow at $636 strike with 100% ask aggression. Price at $636.42 below VWAP ($636.79). Negative gamma zone — moves will be amplified. Price action confirmed: Support Bounce + 2 Green Bars at $636.62 (higher low, higher high — confirmed).",,hit,hit,225.00,636.87,t,f,correct,Here is another on where the target is really close to the entry? ,2026-03-31 00:07
2026-03-30,11:33:42,MSFT,algorithm,call,bullish,365.00,"April 2, 2026",394478.00,6.00,60,v2,moderate,f,363.00,Near $363.00 (no VWAP data),363,Strike at $365.00,$372.30,Below $355.74,,,$394K call flow at $365 strike with 100% ask aggression. Price at $363.00.,,hit,hit,109.50,365.19,t,f,correct,,2026-03-31 00:02
2026-03-30,11:41:16,WMT,algorithm,put,bearish,125.00,"April 2, 2026",476850.00,9.00,90,v2,,f,124.49,Near $124.49 (no VWAP data),124.49,$122.00,$119.51,Above $126.98,,,$477K put flow at $125 strike with 100% ask aggression. Price at $124.49.,,partial,partial_hit,66.27,122.84,t,f,correct,,2026-03-31 00:11
2026-03-30,12:03:49,TTD,algorithm,put,bearish,22.50,"April 2, 2026",423863.00,7.00,70,v2,moderate,f,22.45,Near $22.45 (no VWAP data),22.45,$22.00,$21.55,Above $22.90,,,$424K put flow at $22.5 strike with 100% ask aggression. Price at $22.45.,,hit,hit,100.00,22.00,t,f,correct,,2026-03-31 00:14
2026-03-30,12:07:59,SNOW,algorithm,put,bearish,157.50,"April 2, 2026",476782.00,6.00,60,v2,moderate,f,158.32,Near $158.32 (no VWAP data),158.32,Strike at $157.50,$154.35,Above $161.49,,,$477K put flow at $157.5 strike with 100% ask aggression. Price at $158.32.,,hit,hit,186.59,156.79,t,f,correct,,2026-03-31 00:15
2026-03-30,12:16:47,NOW,algorithm,put,bearish,106.00,"April 2, 2026",435128.00,7.00,70,v2,strong,f,105.43,Near $105.43 (no VWAP data),105.43,$103.32,$101.21,Above $107.54,,,$435K put flow at $106 strike with 100% ask aggression. Price at $105.43.,,hit,hit,162.09,102.01,t,f,correct,,2026-03-31 00:15
2026-03-30,12:24:59,PEP,algorithm,put,bearish,165.00,"April 2, 2026",852040.00,6.00,60,v2,moderate,f,157.53,On rejection from VWAP ($156.60) — Near $157.53,156.60157,VWAP at $156.60,Pivot at $152.68,Above $160.68,,,$852K put flow at $165 strike with 100% ask aggression. Price at $157.53 above VWAP ($156.60).,,hit,hit,112.90,156.48,t,f,correct,,2026-03-31 00:20
2026-03-30,14:54:18,MU,algorithm,put,bearish,325.00,"April 2, 2026",497130.00,8.00,80,v2,strong,t,323.87,Below VWAP ($337.51) — Near $323.87,337.51323,$317.39,$310.92,Above Pivot at $359.99,,,$497K put sweep at $325 strike with 76% ask aggression. Price at $323.87 below VWAP ($337.51). Negative gamma zone — moves will be amplified.,,hit,hit,175.15,312.52,t,f,wrong,"The overall trade is good, the near price is good, target looks fine, but the invalidateion is over 40 dollars away. Not too sure about this one. ",2026-03-30 16:24
2026-03-30,16:13:08,MU,algorithm,call,bullish,320.00,"April 2, 2026",585550.00,6.00,60,v2,moderate,f,320.50,On bounce from VWAP ($334.03) — Near $320.50,334.0332,VWAP at $334.03,Pivot at $359.99,Below $314.09,,,$586K call flow at $320 strike with 100% ask aggression. Price at $320.50 below VWAP ($334.03). Negative gamma zone — moves will be amplified.,,miss,missed,33.26,325.00,f,t,wrong,"On Entry, it just needs to say near 320 because if you wait for bounce from VWAP its going to be too far away. ",2026-03-30 16:22
2026-03-31,10:58:13,SPY,algorithm,put,bearish,660.00,"April 2, 2026",635060.00,8.00,80,v2,strong,t,638.12,At VWAP ($640.53) — Near $638.12,640.53638,Pivot at $633.87,PDL at $629.28,Above R1 at $638.46,,,"$635K put flow at $660 strike with 100% ask aggression. Price at $638.12 below VWAP ($640.53). Price action confirmed: SR Tag + 2 Red Bars at $638.46 (lower high, lower low — confirmed).",,miss,missed,-12.94,638.67,t,f,wrong,,2026-04-01 00:04
2026-03-31,12:48:37,SMH,algorithm,call,bullish,377.50,"April 2, 2026",709447.00,6.00,60,v2,moderate,f,378.97,Near $378.97 (no VWAP data),378.97,$386.55,$394.13,Below $371.39,,,$709K call flow at $377.5 strike with 100% ask aggression. Price at $378.97.,,hit,hit,151.72,390.47,t,f,correct,,2026-04-01 00:04
2026-03-31,13:04:52,META,algorithm,call,bullish,565.00,"April 2, 2026",712300.00,6.00,60,v2,moderate,f,567.54,Near $567.54 (no VWAP data),567.54,$578.89,$590.24,Below $556.19,,,$712K call flow at $565 strike with 100% ask aggression. Price at $567.54.,,hit,hit,122.82,581.48,t,f,correct,,2026-04-01 00:03
2026-03-31,13:08:52,XOM,algorithm,put,bearish,170.00,"April 2, 2026",633434.00,8.00,80,v2,strong,t,168.89,Below VWAP ($172.77) — Near $168.89,172.77168,$165.51,$162.13,Above Pivot at $172.98,,,"$633K put flow at $170 strike with 95% ask aggression. Price at $168.89 below VWAP ($172.77). Negative gamma zone — moves will be amplified. Price action confirmed: SR Tag + 2 Red Bars at $169.55 (lower high, lower low — confirmed).",,hit,hit,179.88,162.81,t,f,correct,,2026-04-01 00:02
2026-03-31,13:16:51,MDB,algorithm,call,bullish,255.00,"April 2, 2026",513030.00,7.00,70,v2,moderate,f,244.61,Whale sweep at $244.61,244.61,Strike at $255.00,$260.10,Below $239.72,,,$513K call sweep at $255 strike with 100% ask aggression. Price at $244.61.,,hit,hit,84.70,253.41,t,f,correct,,2026-04-01 00:01
2026-03-31,13:28:38,AVGO,algorithm,put,bearish,300.00,"April 2, 2026",743707.00,6.00,60,v2,moderate,f,307.40,On rejection from VWAP ($302.47) — Near $307.40,302.47307,VWAP at $302.47,Strike at $300.00,Above $313.55,,,$744K put flow at $300 strike with 100% ask aggression. Price at $307.40 above VWAP ($302.47).,,miss,missed,28.40,306.00,f,t,wrong,,2026-04-01 00:00
2026-03-31,13:57:21,SPXW,algorithm,call,bullish,6500.00,"April 2, 2026",705000.00,6.00,60,v2,moderate,f,6491.53,"Above VWAP ($6,453) — Near $6,492",64536492,"$6,518 (previous swing high), then $6,539",$6630.00,"Below $6,453 (VWAP break invalidates bullish thesis)",,,$705K call flow at $6500 strike with 100% ask aggression. Price at $6491.53.,,hit,hit,446.32,6609.67,f,f,correct,"Entry was perfect, but Target only 9 pts away. Went to 6528. Target should have been previous major swing high at 6517-6528",2026-03-31 21:00
2026-03-31,14:22:53,COIN,algorithm,put,bearish,175.00,"April 2, 2026",389502.00,6.00,60,v2,moderate,f,172.30,Near $172.30 (no VWAP data),172.3,$168.85,$165.41,Above $175.75,,,$390K put flow at $175 strike with 100% ask aggression. Price at $172.30.,,miss,missed,-41.74,173.74,f,t,wrong,,2026-03-31 23:57
2026-03-31,19:26:42,test,algorithm,call,bullish,1.00,01/01/2027,1.00,1.00,1,v2,,t,,,,,,,,,test,,expired,pending,,,f,f,wrong,,2026-04-02 09:04
2026-03-31,19:27:13,SPX,whale,put,bearish,6400.00,04/17/2026,1756980.00,8.00,82,v2,strong,t,6532.08,"Above VWAP ($6,465) — Whale sweep at $6,532",64656532,"$6,518 (previous swing low), then $6,505","$6,350","Above $6,465 (VWAP reclaim invalidates bearish thesis)",neutral,"Near gamma flip at $6,405 — THE transition zone. If price breaks below, dealers switch from suppressing to amplifying moves. Key magnet and put wall confluence.","SPX $6400 put with $1.75M premium via repeated descending fills — institutional size. 6,459 contracts vs 22,231 OI. Strike at $6,400 is directly at gamma flip ($6,405) and put wall — THE key level. If SPX breaks below $6,405, dealers flip from long to short gamma and AMPLIFY the move down. Someone is betting on a gamma flip break. Highest GEX concentration at this level. April expiry = swing position.",,miss,missed,34.16,6527.27,t,t,correct,,2026-03-31 21:53
2026-03-31,19:37:26,SPXW,algorithm,put,bearish,6365.00,04/01/2026,2473935.00,7.00,74,v2,moderate,t,6420.00,"Above VWAP ($6,436) — Near $6,440",64366440,"$6,434 (previous swing low), then $6,405","$6,390","Above $6,436 (VWAP reclaim invalidates bearish thesis)",positive,"Above gamma flip ($6,405) but targeting a break below it. If $6,405 breaks, dealers flip to short gamma and amplify the selloff. Morning selling pressure pushing toward this level.","SPXW $6365 put expiring tomorrow with $2.47M premium. 2,663 contracts vs 523 OI (5.1x vol/OI — aggressive new positioning). 65% ask-side aggression. SPX at ~$6,420 when this hit, dropping toward gamma flip at $6,405. Strike below the gamma flip — if SPX breaks $6,405, dealers switch from long to short gamma and amplify the drop. This put targets that exact gamma flip break. Morning selloff was already pushing SPX down from $6,426.",,hit,hit,,6404.54,t,t,correct,PERFECT! Target 6405 PERFECT ,2026-03-31 21:40
2026-03-31,19:37:26,SPXW,algorithm,put,bearish,6310.00,04/02/2026,2253915.00,7.00,70,v2,moderate,t,6395.00,"Below VWAP ($6,432) — Near $6,415",64326415,"$6,405 (previous swing low), then $6,365","$6,350","Above $6,432 (VWAP reclaim invalidates bearish thesis)",negative,"Deep below gamma flip ($6,405) — short gamma territory where dealer hedging amplifies moves. 85% ask aggression shows strong conviction. Needs gamma flip break as catalyst.","SPXW $6310 put with $2.25M premium. 3,305 contracts vs 602 OI (5.5x vol/OI ratio). 85% ask aggression — very aggressive buying. Strike at $6,310, well below current price and gamma flip ($6,405). This is a short gamma acceleration target — if SPX breaks the gamma flip, dealer hedging amplifies moves and $6,310 becomes reachable. 2-day expiry gives time for the thesis to play out. Morning selloff already tested $6,380.",,miss,missed,,6411.32,t,t,correct,"Entry okay, only went to 6420",2026-03-31 20:19
2026-03-31,19:37:26,SPXW,whale,call,bullish,6500.00,04/06/2026,21050065.00,8.00,80,v2,strong,t,6405.00,"Below VWAP ($6,432) — needs reclaim above $6,432 for entry",64326432,"$6,446 (previous swing high), then $6,518","$6,450","Below $6,432 (VWAP break invalidates bullish thesis)",neutral,"Right at gamma flip ($6,405) — dealers are long gamma here and suppress downside. $21M call buy at this exact support level is a whale betting on the bounce. Key magnet and put wall confluence.","SPXW $6500 call with $21M premium — massive institutional call buying. 3,574 contracts vs 605 OI (5.9x vol/OI). 72% ask aggression. SPX was around $6,400 at the gamma flip when this hit — someone bought $21M in calls while SPX was at support. Gamma flip at $6,405 means dealers are long gamma here and will suppress further downside. This whale bet is that the gamma flip holds as support and SPX bounces. Strike at $6,500 is above current price — needs the bounce to work.",,hit,hit,499.20,6609.67,f,t,correct,"VWAP IS AT 6431. (ENTRY OF 6420 is actually below vwap, but the target is really good. ",2026-03-31 20:19
2026-04-01,12:09:27,SPXW,algorithm,call,bullish,6530.00,"April 2, 2026",238200.00,10.00,100,v4,,f,6603.90,Broke above VWAP ($6583.16) — wait for retest at $6583.16 then enter on bounce,6583.166583,$6594.93 (previous swing high),,Below $6583.16 (VWAP break invalidates bullish thesis),,,$238K call flow at $6530 strike with 100% ask aggression. Price at $6603.90.,,hit,hit,,6609.67,t,t,wrong,,2026-04-01 20:40
2026-04-01,12:09:28,SPXW,algorithm,put,bearish,6575.00,"April 2, 2026",214830.00,9.00,90,v4,,f,6597.32,Above VWAP ($6583.16) — needs break below $6583.16 for entry,6583.166583,"$6584.66 (previous swing low), then $6564.58",,Above $6583.16 (VWAP reclaim invalidates bearish thesis),,,$215K put flow at $6575 strike with 56% ask aggression. Price at $6597.32.,,hit,hit,283.97,6561.37,t,t,correct,6583 is the last swing low. Perfect Entry. Exit was 6564 before reversal. perfect play,2026-04-01 20:44
2026-04-01,12:46:45,GOOG,algorithm,call,bullish,300.00,"April 2, 2026",819703.00,7.00,70,v4,strong,f,296.68,Above VWAP ($293.81) — Near $296.68,293.81296,$300.00 (strike level),,Below $293.81 (VWAP break invalidates bullish thesis),,,$820K call flow at $300 strike with 100% ask aggression. Price at $296.68 above VWAP ($293.81). Negative gamma zone — moves will be amplified.,,miss,missed,39.46,297.99,t,t,wrong,,2026-04-02 01:15
2026-04-01,12:50:24,NBIS,algorithm,call,bullish,110.00,"April 2, 2026",781065.00,6.00,60,v4,moderate,f,104.92,Near $104.92 (no VWAP data),104.92,$110.00 (strike level),,Below $102.82,,,$781K call flow at $110 strike with 100% ask aggression. Price at $104.92.,,miss,missed,1.77,105.01,t,t,wrong,,2026-04-02 01:14
2026-04-01,13:28:56,LITE,algorithm,call,bullish,750.00,"April 2, 2026",432000.00,6.00,60,v4,moderate,f,782.68,Near $782.68 (no VWAP data),782.68,$798.33,,Below $767.03,,,$432K call sweep at $750 strike with 100% ask aggression. Price at $782.68.,,miss,missed,14.12,784.89,t,t,wrong,,2026-04-02 01:13
2026-04-01,13:40:43,NVDA,algorithm,put,bearish,177.50,"April 8, 2026",622992.00,5.00,50,v4,moderate,f,176.76,At VWAP ($176.35) — Near $176.76,176.35176,"$176.61 (previous swing low), then $176.40",,Above $176.35 (VWAP reclaim invalidates bearish thesis),,,$623K put flow at $177.5 strike with 100% ask aggression. Price at $176.76 above VWAP ($176.35). Negative gamma zone — moves will be amplified.,,hit,hit,1300.00,174.81,t,t,wrong,"Price was at 176.35. Entry is Correct, but Target is 176.67-176.40 which 176.67 is higHer than the entry for a put. Exit should have been at the previous POC which is 175.77",2026-04-01 20:36
2026-04-01,13:48:27,META,algorithm,call,bullish,595.00,"April 2, 2026",548310.00,6.00,60,v4,moderate,f,587.57,Above VWAP ($582.77) — Near $587.57,582.77587,"$588.12 (previous swing high), then $592.55",,Below $582.77 (VWAP break invalidates bullish thesis),,,$548K call sweep at $595 strike with 100% ask aggression. Price at $587.57 above VWAP ($582.77). Negative gamma zone — moves will be amplified.,,miss,missed,-220.00,586.36,t,t,wrong,,2026-04-02 01:12
2026-04-01,14:25:36,LNG,algorithm,call,bullish,275.00,"April 2, 2026",489499.00,6.00,60,v4,moderate,f,273.26,Near $273.26 (no VWAP data),273.26,"$275.62 (previous swing high), then $275.89",$275.89,Below $272.56 (previous swing low),neutral,,$489K call flow at $275 strike with 100% ask aggression. Price at $273.26.,,hit,hit,118.64,276.06,t,f,correct,,2026-04-02 00:22
2026-04-01,14:31:38,AMD,algorithm,put,bearish,207.50,"April 2, 2026",639348.00,5.00,50,v4,moderate,f,209.32,Near $209.32 (no VWAP data),209.32,$205.13 (2% below entry),$200.95,Above $210.10 (previous swing high),neutral,,$639K put flow at $207.5 strike with 100% ask aggression. Price at $209.32.,,miss,missed,-1.91,209.40,f,t,wrong,,2026-04-02 00:23
2026-04-01,14:47:36,TSM,algorithm,call,bullish,340.00,"April 2, 2026",495346.00,6.00,60,v4,moderate,f,340.54,Near $340.54 (no VWAP data),340.54,$347.35,,Below $333.73,,,$495K call flow at $340 strike with 100% ask aggression. Price at $340.54.,,near_miss,near_miss,34.80,342.91,t,t,correct,,2026-04-02 00:24
2026-04-01,15:01:36,GLW,algorithm,put,bearish,125.00,"April 2, 2026",649740.00,6.00,60,v4,moderate,f,141.03,Near $141.03 (no VWAP data),141.03,$138.21 (2% below entry),$135.39,Above $141.90 (previous swing high),neutral,,$650K put flow at $125 strike with 100% ask aggression. Price at $141.03.,,miss,missed,-17.73,141.53,f,t,wrong,,2026-04-02 00:25
2026-04-01,15:10:12,GLD,algorithm,call,bullish,436.00,"April 2, 2026",843575.00,7.00,70,v4,moderate,f,436.97,At VWAP ($437.08) — Near $436.97,437.08436,"$437.70 (previous swing high), then $439.99",,Below $437.08 (VWAP break invalidates bullish thesis),,,"$844K call flow at $436 strike with 98% ask aggression. Price at $436.97 below VWAP ($437.08). Negative gamma zone — moves will be amplified. Price action confirmed: Support Bounce + 2 Green Bars at $436 (higher low, higher high — confirmed).",,hit,hit,517.81,440.75,t,t,correct,,2026-04-02 00:04
2026-04-01,15:10:12,IWM,algorithm,put,bearish,249.00,"April 2, 2026",646931.00,6.00,60,v4,moderate,f,249.65,At VWAP ($250.88) — Near $249.65,250.88249,$249.11 (previous swing low),,Above $250.88 (VWAP reclaim invalidates bearish thesis),,,$647K put flow at $249 strike with 100% ask aggression. Price at $249.65 below VWAP ($250.88). Negative gamma zone — moves will be amplified.,,partial,partial_hit,61.11,249.32,t,f,correct,,2026-04-02 00:03
2026-04-01,15:34:37,GOOGL,algorithm,put,bearish,305.00,"April 2, 2026",657420.00,5.00,50,v4,moderate,f,297.85,Near $297.85 (no VWAP data),297.85,$291.89,,Above $303.80,,,$657K put flow at $305 strike with 100% ask aggression. Price at $297.85.,,hit,hit,164.26,288.06,t,f,correct,,2026-04-01 23:56
2026-04-01,17:04:27,TSLA,algorithm,call,bullish,435.00,"April 2, 2026",693000.00,7.00,70,v4,strong,f,381.01,At VWAP ($379.36) — Near $381.01,379.36381,"$381.26 (previous swing high), then $381.53",,Below $379.36 (VWAP break invalidates bullish thesis),,,$693K call sweep at $435 strike with 100% ask aggression. Price at $381.01 above VWAP ($379.36). Price action confirmed: Support Tag + Green Bounce at $381.02 (higher low — likely reversal).,,miss,missed,-44.00,380.90,t,t,correct,,2026-04-01 23:54
2026-04-02,15:08:20,GLD,algorithm,call,bullish,429.00,"April 2, 2026",623946.00,7.00,70,v2,moderate,f,429.63,Above VWAP ($427.29) — Near $429.63,427.29429,$430.00 (GEX call wall — likely resistance),R1 at $440.76,Below $427.73 (previous swing low),,,$624K call flow at $429 strike with 98% ask aggression. Price at $429.63 above VWAP ($427.29). Negative gamma zone — moves will be amplified.,,near_miss,near_miss,67.57,429.88,t,f,correct,already a hit ,2026-04-02 23:34
2026-04-02,15:37:03,TSLA,algorithm,put,bearish,370.00,"April 2, 2026",325599.00,7.00,70,v2,moderate,f,359.73,Below VWAP ($364.56) — Near $359.73,364.56359,$352.54,$345.34,Above $360.92 (previous swing high),,,$326K put flow at $370 strike with 100% ask aggression. Price at $359.73 below VWAP ($364.56).,,miss,missed,-1.39,359.83,t,t,wrong,"No where close to the price for entry, all the way off ",2026-04-02 23:33
